debugJanXI:debugDLxhw,0,1529635446547,"{""action"": ""Begin"", ""phase"": ""INSTRUCTIONS"", ""templates"": [""instructions/instruct-1.html"", ""instructions/instruct-2.html"", ""instructions/instruct-3.html"", ""instructions/instruct-ready.html""]}"
debugJanXI:debugDLxhw,1,1529635451171,"{""action"": ""NextPage"", ""indexOf"": 0, ""viewTime"": 4621, ""phase"": ""INSTRUCTIONS"", ""template"": ""instructions/instruct-1.html""}"
debugJanXI:debugDLxhw,2,1529635456531,"{""action"": ""NextPage"", ""indexOf"": 1, ""viewTime"": 5358, ""phase"": ""INSTRUCTIONS"", ""template"": ""instructions/instruct-2.html""}"
debugJanXI:debugDLxhw,3,1529635458478,"{""action"": ""NextPage"", ""indexOf"": 2, ""viewTime"": 1945, ""phase"": ""INSTRUCTIONS"", ""template"": ""instructions/instruct-3.html""}"
debugJanXI:debugDLxhw,4,1529635459534,"{""action"": ""FinishInstructions"", ""indexOf"": 3, ""viewTime"": 1055, ""phase"": ""INSTRUCTIONS"", ""template"": ""instructions/instruct-ready.html""}"
debugJanXI:debugDLxhw,5,1529635467676,"{""rt"": 8135, ""hit"": false, ""color"": ""red"", ""relation"": ""incongruent"", ""phase"": ""TEST"", ""word"": ""GREEN"", ""response"": ""green""}"
debugJanXI:debugDLxhw,6,1529635472882,"{""rt"": 5205, ""hit"": false, ""color"": ""green"", ""relation"": ""incongruent"", ""phase"": ""TEST"", ""word"": ""BLUE"", ""response"": ""blue""}"
debugJanXI:debugDLxhw,7,1529635476492,"{""rt"": 3610, ""hit"": true, ""color"": ""red"", ""relation"": ""congruent"", ""phase"": ""TEST"", ""word"": ""RED"", ""response"": ""red""}"
debugJanXI:debugDLxhw,8,1529635478044,"{""rt"": 1551, ""hit"": true, ""color"": ""blue"", ""relation"": ""congruent"", ""phase"": ""TEST"", ""word"": ""BLUE"", ""response"": ""blue""}"
debugJanXI:debugDLxhw,9,1529635479261,"{""rt"": 1217, ""hit"": true, ""color"": ""green"", ""relation"": ""congruent"", ""phase"": ""TEST"", ""word"": ""GREEN"", ""response"": ""green""}"
debugJanXI:debugDLxhw,10,1529635481671,"{""rt"": 2409, ""hit"": true, ""color"": ""blue"", ""relation"": ""unrelated"", ""phase"": ""TEST"", ""word"": ""ZAMBONI"", ""response"": ""blue""}"
debugJanXI:debugDLxhw,11,1529635483300,"{""rt"": 1629, ""hit"": true, ""color"": ""green"", ""relation"": ""unrelated"", ""phase"": ""TEST"", ""word"": ""MONKEY"", ""response"": ""green""}"
debugJanXI:debugDLxhw,12,1529635488315,"{""rt"": 5015, ""hit"": true, ""color"": ""red"", ""relation"": ""unrelated"", ""phase"": ""TEST"", ""word"": ""SHIP"", ""response"": ""red""}"
debugJanXI:debugDLxhw,13,1529635492005,"{""rt"": 3689, ""hit"": true, ""color"": ""blue"", ""relation"": ""incongruent"", ""phase"": ""TEST"", ""word"": ""RED"", ""response"": ""blue""}"
debugJanXI:debugDLxhw,14,1529635492007,"{""phase"": ""postquestionnaire"", ""status"": ""begin""}"
debugJanXI:debugDLxhw,15,1529635519163,"{""phase"": ""postquestionnaire"", ""status"": ""submit""}"
debugJanXI:debugDLxhw,16,1529635544475,"{""phase"": ""INSTRUCTIONS"", ""templates"": [""instructions/instruct-1.html"", ""instructions/instruct-2.html"", ""instructions/instruct-3.html"", ""instructions/instruct-ready.html""], ""action"": ""Begin""}"
debugJanXI:debugDLxhw,17,1529635545548,"{""phase"": ""INSTRUCTIONS"", ""indexOf"": 0, ""viewTime"": 1070, ""action"": ""NextPage"", ""template"": ""instructions/instruct-1.html""}"
debugJanXI:debugDLxhw,18,1529635546811,"{""phase"": ""INSTRUCTIONS"", ""indexOf"": 1, ""viewTime"": 1261, ""action"": ""NextPage"", ""template"": ""instructions/instruct-2.html""}"
debugJanXI:debugDLxhw,19,1529635547662,"{""phase"": ""INSTRUCTIONS"", ""indexOf"": 2, ""viewTime"": 850, ""action"": ""NextPage"", ""template"": ""instructions/instruct-3.html""}"
debugJanXI:debugDLxhw,20,1529635548392,"{""phase"": ""INSTRUCTIONS"", ""indexOf"": 3, ""viewTime"": 729, ""action"": ""FinishInstructions"", ""template"": ""instructions/instruct-ready.html""}"
debugJanXI:debugDLxhw,21,1529635551666,"{""rt"": 3267, ""hit"": false, ""color"": ""green"", ""relation"": ""incongruent"", ""phase"": ""TEST"", ""word"": ""BLUE"", ""response"": ""blue""}"
debugJanXI:debugDLxhw,22,1529635551863,"{""rt"": 196, ""hit"": false, ""color"": ""red"", ""relation"": ""unrelated"", ""phase"": ""TEST"", ""word"": ""SHIP"", ""response"": ""blue""}"
debugJanXI:debugDLxhw,23,1529635552041,"{""rt"": 178, ""hit"": false, ""color"": ""red"", ""relation"": ""congruent"", ""phase"": ""TEST"", ""word"": ""RED"", ""response"": ""blue""}"
debugJanXI:debugDLxhw,24,1529635552217,"{""rt"": 176, ""hit"": true, ""color"": ""blue"", ""relation"": ""congruent"", ""phase"": ""TEST"", ""word"": ""BLUE"", ""response"": ""blue""}"
debugJanXI:debugDLxhw,25,1529635552384,"{""rt"": 167, ""hit"": false, ""color"": ""red"", ""relation"": ""incongruent"", ""phase"": ""TEST"", ""word"": ""GREEN"", ""response"": ""blue""}"
debugJanXI:debugDLxhw,26,1529635552578,"{""rt"": 193, ""hit"": false, ""color"": ""green"", ""relation"": ""congruent"", ""phase"": ""TEST"", ""word"": ""GREEN"", ""response"": ""blue""}"
debugJanXI:debugDLxhw,27,1529635552771,"{""rt"": 193, ""hit"": true, ""color"": ""blue"", ""relation"": ""incongruent"", ""phase"": ""TEST"", ""word"": ""RED"", ""response"": ""blue""}"
debugJanXI:debugDLxhw,28,1529635552965,"{""rt"": 193, ""hit"": false, ""color"": ""green"", ""relation"": ""unrelated"", ""phase"": ""TEST"", ""word"": ""MONKEY"", ""response"": ""blue""}"
debugJanXI:debugDLxhw,29,1529635553146,"{""rt"": 181, ""hit"": true, ""color"": ""blue"", ""relation"": ""unrelated"", ""phase"": ""TEST"", ""word"": ""ZAMBONI"", ""response"": ""blue""}"
debugJanXI:debugDLxhw,30,1529635553147,"{""phase"": ""postquestionnaire"", ""status"": ""begin""}"
debugJanXI:debugDLxhw,31,1529635554555,"{""phase"": ""postquestionnaire"", ""status"": ""submit""}"
debugV1Z386:debug7FRKD7,0,1529779879248,"{""phase"": ""INSTRUCTIONS"", ""templates"": [""instructions/instruct-1.html"", ""instructions/instruct-2.html"", ""instructions/instruct-3.html"", ""instructions/instruct-ready.html""], ""action"": ""Begin""}"
debugV1Z386:debug7FRKD7,1,1529779880077,"{""phase"": ""INSTRUCTIONS"", ""indexOf"": 0, ""viewTime"": 826, ""action"": ""NextPage"", ""template"": ""instructions/instruct-1.html""}"
debugV1Z386:debug7FRKD7,2,1529779881543,"{""phase"": ""INSTRUCTIONS"", ""indexOf"": 1, ""viewTime"": 1465, ""action"": ""NextPage"", ""template"": ""instructions/instruct-2.html""}"
debugV1Z386:debug7FRKD7,3,1529779883968,"{""phase"": ""INSTRUCTIONS"", ""indexOf"": 2, ""viewTime"": 2424, ""action"": ""NextPage"", ""template"": ""instructions/instruct-3.html""}"
debugV1Z386:debug7FRKD7,4,1529779885121,"{""phase"": ""INSTRUCTIONS"", ""indexOf"": 3, ""viewTime"": 1151, ""action"": ""FinishInstructions"", ""template"": ""instructions/instruct-ready.html""}"
debugP81I27:debugSNBDQ9,0,1529784756439,"{""phase"": ""INSTRUCTIONS"", ""templates"": [""instructions/instruct-1.html"", ""instructions/instruct-2.html"", ""instructions/instruct-3.html"", ""instructions/instruct-ready.html""], ""action"": ""Begin""}"
debugP81I27:debugSNBDQ9,1,1529784758478,"{""phase"": ""INSTRUCTIONS"", ""indexOf"": 0, ""viewTime"": 2036, ""action"": ""NextPage"", ""template"": ""instructions/instruct-1.html""}"
debugP81I27:debugSNBDQ9,2,1529784759905,"{""phase"": ""INSTRUCTIONS"", ""indexOf"": 1, ""viewTime"": 1425, ""action"": ""NextPage"", ""template"": ""instructions/instruct-2.html""}"
debugP81I27:debugSNBDQ9,3,1529784760424,"{""phase"": ""INSTRUCTIONS"", ""indexOf"": 2, ""viewTime"": 518, ""action"": ""NextPage"", ""template"": ""instructions/instruct-3.html""}"
debugP81I27:debugSNBDQ9,4,1529784761545,"{""phase"": ""INSTRUCTIONS"", ""indexOf"": 3, ""viewTime"": 1120, ""action"": ""FinishInstructions"", ""template"": ""instructions/instruct-ready.html""}"
debugR80X0E:debugQFQOBP,0,1529790917959,"{""phase"": ""INSTRUCTIONS"", ""templates"": [""instructions/instruct-1.html"", ""instructions/instruct-2.html"", ""instructions/instruct-3.html"", ""instructions/instruct-ready.html""], ""action"": ""Begin""}"
debugR80X0E:debugQFQOBP,1,1529790918933,"{""phase"": ""INSTRUCTIONS"", ""indexOf"": 0, ""viewTime"": 969, ""action"": ""NextPage"", ""template"": ""instructions/instruct-1.html""}"
debugR80X0E:debugQFQOBP,2,1529790919960,"{""phase"": ""INSTRUCTIONS"", ""indexOf"": 1, ""viewTime"": 1023, ""action"": ""NextPage"", ""template"": ""instructions/instruct-2.html""}"
debugR80X0E:debugQFQOBP,3,1529790921477,"{""phase"": ""INSTRUCTIONS"", ""indexOf"": 2, ""viewTime"": 1515, ""action"": ""NextPage"", ""template"": ""instructions/instruct-3.html""}"
debugR80X0E:debugQFQOBP,4,1529790922183,"{""phase"": ""INSTRUCTIONS"", ""indexOf"": 3, ""viewTime"": 705, ""action"": ""FinishInstructions"", ""template"": ""instructions/instruct-ready.html""}"
debugYC8HSA:debugD0EREL,0,1529947748467,"{""action"": ""Begin"", ""phase"": ""INSTRUCTIONS"", ""templates"": [""instructions/instruct-1.html"", ""instructions/instruct-2.html"", ""instructions/instruct-3.html"", ""instructions/instruct-ready.html""]}"
debugYC8HSA:debugD0EREL,1,1529947749777,"{""action"": ""NextPage"", ""indexOf"": 0, ""viewTime"": 1303, ""phase"": ""INSTRUCTIONS"", ""template"": ""instructions/instruct-1.html""}"
debugYC8HSA:debugD0EREL,2,1529947751030,"{""action"": ""NextPage"", ""indexOf"": 1, ""viewTime"": 1251, ""phase"": ""INSTRUCTIONS"", ""template"": ""instructions/instruct-2.html""}"
debugYC8HSA:debugD0EREL,3,1529947751567,"{""action"": ""NextPage"", ""indexOf"": 2, ""viewTime"": 535, ""phase"": ""INSTRUCTIONS"", ""template"": ""instructions/instruct-3.html""}"
debugYC8HSA:debugD0EREL,4,1529947752631,"{""action"": ""FinishInstructions"", ""indexOf"": 3, ""viewTime"": 1063, ""phase"": ""INSTRUCTIONS"", ""template"": ""instructions/instruct-ready.html""}"
debugYC8HSA:debugD0EREL,5,1529947760255,"{""action"": ""Begin"", ""phase"": ""INSTRUCTIONS"", ""templates"": [""instructions/instruct-1.html"", ""instructions/instruct-2.html"", ""instructions/instruct-3.html"", ""instructions/instruct-ready.html""]}"
debugYC8HSA:debugD0EREL,6,1529947761537,"{""action"": ""NextPage"", ""indexOf"": 0, ""viewTime"": 1279, ""phase"": ""INSTRUCTIONS"", ""template"": ""instructions/instruct-1.html""}"
debugYC8HSA:debugD0EREL,7,1529947762047,"{""action"": ""NextPage"", ""indexOf"": 1, ""viewTime"": 509, ""phase"": ""INSTRUCTIONS"", ""template"": ""instructions/instruct-2.html""}"
debugYC8HSA:debugD0EREL,8,1529947762590,"{""action"": ""NextPage"", ""indexOf"": 2, ""viewTime"": 543, ""phase"": ""INSTRUCTIONS"", ""template"": ""instructions/instruct-3.html""}"
debugYC8HSA:debugD0EREL,9,1529947763542,"{""action"": ""FinishInstructions"", ""indexOf"": 3, ""viewTime"": 951, ""phase"": ""INSTRUCTIONS"", ""template"": ""instructions/instruct-ready.html""}"
debugYC8HSA:debugD0EREL,10,1529947766216,"{""rt"": 2668, ""hit"": true, ""color"": ""red"", ""relation"": ""congruent"", ""phase"": ""TEST"", ""word"": ""RED"", ""response"": ""red""}"
debugYC8HSA:debugD0EREL,11,1529947766717,"{""rt"": 501, ""hit"": false, ""color"": ""blue"", ""relation"": ""incongruent"", ""phase"": ""TEST"", ""word"": ""RED"", ""response"": ""red""}"
debugYC8HSA:debugD0EREL,12,1529947766802,"{""rt"": 85, ""hit"": false, ""color"": ""green"", ""relation"": ""congruent"", ""phase"": ""TEST"", ""word"": ""GREEN"", ""response"": ""red""}"
debugYC8HSA:debugD0EREL,13,1529947766885,"{""rt"": 83, ""hit"": false, ""color"": ""blue"", ""relation"": ""unrelated"", ""phase"": ""TEST"", ""word"": ""ZAMBONI"", ""response"": ""red""}"
debugYC8HSA:debugD0EREL,14,1529947766969,"{""rt"": 84, ""hit"": false, ""color"": ""blue"", ""relation"": ""congruent"", ""phase"": ""TEST"", ""word"": ""BLUE"", ""response"": ""red""}"
debugYC8HSA:debugD0EREL,15,1529947767053,"{""rt"": 83, ""hit"": true, ""color"": ""red"", ""relation"": ""incongruent"", ""phase"": ""TEST"", ""word"": ""GREEN"", ""response"": ""red""}"
debugYC8HSA:debugD0EREL,16,1529947767137,"{""rt"": 83, ""hit"": true, ""color"": ""red"", ""relation"": ""unrelated"", ""phase"": ""TEST"", ""word"": ""SHIP"", ""response"": ""red""}"
debugYC8HSA:debugD0EREL,17,1529947767222,"{""rt"": 84, ""hit"": false, ""color"": ""green"", ""relation"": ""unrelated"", ""phase"": ""TEST"", ""word"": ""MONKEY"", ""response"": ""red""}"
debugYC8HSA:debugD0EREL,18,1529947767306,"{""rt"": 84, ""hit"": false, ""color"": ""green"", ""relation"": ""incongruent"", ""phase"": ""TEST"", ""word"": ""BLUE"", ""response"": ""red""}"
debugYC8HSA:debugD0EREL,19,1529947767307,"{""phase"": ""postquestionnaire"", ""status"": ""begin""}"
debugYC8HSA:debugD0EREL,20,1529947768478,"{""phase"": ""postquestionnaire"", ""status"": ""submit""}"
debugYC8HSA:debugD0EREL,21,1529947784365,"{""phase"": ""INSTRUCTIONS"", ""templates"": [""instructions/instruct-1.html"", ""instructions/instruct-2.html"", ""instructions/instruct-3.html"", ""instructions/instruct-ready.html""], ""action"": ""Begin""}"
debugYC8HSA:debugD0EREL,22,1529947790433,"{""phase"": ""INSTRUCTIONS"", ""indexOf"": 0, ""viewTime"": 6065, ""action"": ""NextPage"", ""template"": ""instructions/instruct-1.html""}"
debugYC8HSA:debugD0EREL,23,1529947791013,"{""phase"": ""INSTRUCTIONS"", ""indexOf"": 1, ""viewTime"": 579, ""action"": ""NextPage"", ""template"": ""instructions/instruct-2.html""}"
debugYC8HSA:debugD0EREL,24,1529947791461,"{""phase"": ""INSTRUCTIONS"", ""indexOf"": 2, ""viewTime"": 446, ""action"": ""NextPage"", ""template"": ""instructions/instruct-3.html""}"
debugYC8HSA:debugD0EREL,25,1529947792454,"{""phase"": ""INSTRUCTIONS"", ""indexOf"": 3, ""viewTime"": 991, ""action"": ""FinishInstructions"", ""template"": ""instructions/instruct-ready.html""}"
debug7EKOPJ:debug9NHTXN,0,1529948010355,"{""action"": ""Begin"", ""phase"": ""INSTRUCTIONS"", ""templates"": [""instructions/instruct-1.html"", ""instructions/instruct-2.html"", ""instructions/instruct-3.html"", ""instructions/instruct-ready.html""]}"
debug7EKOPJ:debug9NHTXN,1,1529948020810,"{""action"": ""NextPage"", ""indexOf"": 0, ""viewTime"": 10451, ""phase"": ""INSTRUCTIONS"", ""template"": ""instructions/instruct-1.html""}"
debug7EKOPJ:debug9NHTXN,2,1529948022288,"{""action"": ""NextPage"", ""indexOf"": 1, ""viewTime"": 1476, ""phase"": ""INSTRUCTIONS"", ""template"": ""instructions/instruct-2.html""}"
debug7EKOPJ:debug9NHTXN,3,1529948023031,"{""action"": ""NextPage"", ""indexOf"": 2, ""viewTime"": 742, ""phase"": ""INSTRUCTIONS"", ""template"": ""instructions/instruct-3.html""}"
debug7EKOPJ:debug9NHTXN,4,1529948025207,"{""action"": ""FinishInstructions"", ""indexOf"": 3, ""viewTime"": 2175, ""phase"": ""INSTRUCTIONS"", ""template"": ""instructions/instruct-ready.html""}"
debug7EKOPJ:debug9NHTXN,5,1529948041224,"{""rt"": 16010, ""hit"": true, ""color"": ""red"", ""relation"": ""congruent"", ""phase"": ""TEST"", ""word"": ""RED"", ""response"": ""red""}"
debug7EKOPJ:debug9NHTXN,6,1529948041926,"{""rt"": 700, ""hit"": false, ""color"": ""green"", ""relation"": ""incongruent"", ""phase"": ""TEST"", ""word"": ""BLUE"", ""response"": ""red""}"
debug7EKOPJ:debug9NHTXN,7,1529948042297,"{""rt"": 371, ""hit"": false, ""color"": ""blue"", ""relation"": ""unrelated"", ""phase"": ""TEST"", ""word"": ""ZAMBONI"", ""response"": ""red""}"
debug7EKOPJ:debug9NHTXN,8,1529948042572,"{""rt"": 275, ""hit"": false, ""color"": ""green"", ""relation"": ""unrelated"", ""phase"": ""TEST"", ""word"": ""MONKEY"", ""response"": ""red""}"
debug7EKOPJ:debug9NHTXN,9,1529948042832,"{""rt"": 260, ""hit"": false, ""color"": ""green"", ""relation"": ""congruent"", ""phase"": ""TEST"", ""word"": ""GREEN"", ""response"": ""red""}"
debug7EKOPJ:debug9NHTXN,10,1529948043086,"{""rt"": 252, ""hit"": false, ""color"": ""blue"", ""relation"": ""incongruent"", ""phase"": ""TEST"", ""word"": ""RED"", ""response"": ""red""}"
debug7EKOPJ:debug9NHTXN,11,1529948043342,"{""rt"": 256, ""hit"": false, ""color"": ""blue"", ""relation"": ""congruent"", ""phase"": ""TEST"", ""word"": ""BLUE"", ""response"": ""red""}"
debug7EKOPJ:debug9NHTXN,12,1529948043622,"{""rt"": 280, ""hit"": true, ""color"": ""red"", ""relation"": ""unrelated"", ""phase"": ""TEST"", ""word"": ""SHIP"", ""response"": ""red""}"
debug7EKOPJ:debug9NHTXN,13,1529948043898,"{""rt"": 275, ""hit"": true, ""color"": ""red"", ""relation"": ""incongruent"", ""phase"": ""TEST"", ""word"": ""GREEN"", ""response"": ""red""}"
debug7EKOPJ:debug9NHTXN,14,1529948043899,"{""phase"": ""postquestionnaire"", ""status"": ""begin""}"
debug7EKOPJ:debug9NHTXN,15,1529948049711,"{""phase"": ""postquestionnaire"", ""status"": ""submit""}"
debug7EKOPJ:debug9NHTXN,16,1529948058805,"{""phase"": ""INSTRUCTIONS"", ""templates"": [""instructions/instruct-1.html"", ""instructions/instruct-2.html"", ""instructions/instruct-3.html"", ""instructions/instruct-ready.html""], ""action"": ""Begin""}"
debug7EKOPJ:debug9NHTXN,17,1529948059746,"{""phase"": ""INSTRUCTIONS"", ""indexOf"": 0, ""viewTime"": 939, ""action"": ""NextPage"", ""template"": ""instructions/instruct-1.html""}"
debug7EKOPJ:debug9NHTXN,18,1529948060576,"{""phase"": ""INSTRUCTIONS"", ""indexOf"": 1, ""viewTime"": 828, ""action"": ""NextPage"", ""template"": ""instructions/instruct-2.html""}"
debug7EKOPJ:debug9NHTXN,19,1529948060976,"{""phase"": ""INSTRUCTIONS"", ""indexOf"": 2, ""viewTime"": 399, ""action"": ""NextPage"", ""template"": ""instructions/instruct-3.html""}"
debug7EKOPJ:debug9NHTXN,20,1529948061840,"{""phase"": ""INSTRUCTIONS"", ""indexOf"": 3, ""viewTime"": 864, ""action"": ""FinishInstructions"", ""template"": ""instructions/instruct-ready.html""}"
debugOO82NR:debugPSR876,0,1529948121080,"{""action"": ""Begin"", ""phase"": ""INSTRUCTIONS"", ""templates"": [""instructions/instruct-1.html"", ""instructions/instruct-2.html"", ""instructions/instruct-3.html"", ""instructions/instruct-ready.html""]}"
debugOO82NR:debugPSR876,1,1529948122099,"{""action"": ""NextPage"", ""indexOf"": 0, ""viewTime"": 1015, ""phase"": ""INSTRUCTIONS"", ""template"": ""instructions/instruct-1.html""}"
debugOO82NR:debugPSR876,2,1529948122848,"{""action"": ""NextPage"", ""indexOf"": 1, ""viewTime"": 747, ""phase"": ""INSTRUCTIONS"", ""template"": ""instructions/instruct-2.html""}"
debugOO82NR:debugPSR876,3,1529948123256,"{""action"": ""NextPage"", ""indexOf"": 2, ""viewTime"": 407, ""phase"": ""INSTRUCTIONS"", ""template"": ""instructions/instruct-3.html""}"
debugOO82NR:debugPSR876,4,1529948127303,"{""action"": ""FinishInstructions"", ""indexOf"": 3, ""viewTime"": 4045, ""phase"": ""INSTRUCTIONS"", ""template"": ""instructions/instruct-ready.html""}"
debugOO82NR:debugPSR876,5,1529948185789,"{""action"": ""Begin"", ""phase"": ""INSTRUCTIONS"", ""templates"": [""instructions/instruct-1.html"", ""instructions/instruct-2.html"", ""instructions/instruct-3.html"", ""instructions/instruct-ready.html""]}"
debugOO82NR:debugPSR876,6,1529948186690,"{""action"": ""NextPage"", ""indexOf"": 0, ""viewTime"": 900, ""phase"": ""INSTRUCTIONS"", ""template"": ""instructions/instruct-1.html""}"
debugOO82NR:debugPSR876,7,1529948187241,"{""action"": ""NextPage"", ""indexOf"": 1, ""viewTime"": 549, ""phase"": ""INSTRUCTIONS"", ""template"": ""instructions/instruct-2.html""}"
debugOO82NR:debugPSR876,8,1529948187889,"{""action"": ""NextPage"", ""indexOf"": 2, ""viewTime"": 647, ""phase"": ""INSTRUCTIONS"", ""template"": ""instructions/instruct-3.html""}"
debugOO82NR:debugPSR876,9,1529948188672,"{""action"": ""FinishInstructions"", ""indexOf"": 3, ""viewTime"": 783, ""phase"": ""INSTRUCTIONS"", ""template"": ""instructions/instruct-ready.html""}"
debugOO82NR:debugPSR876,10,1529948402488,"{""rt"": 213811, ""hit"": false, ""color"": ""green"", ""relation"": ""incongruent"", ""phase"": ""TEST"", ""word"": ""BLUE"", ""response"": ""red""}"
debugOO82NR:debugPSR876,11,1529948402966,"{""rt"": 477, ""hit"": false, ""color"": ""blue"", ""relation"": ""congruent"", ""phase"": ""TEST"", ""word"": ""BLUE"", ""response"": ""red""}"
debugOO82NR:debugPSR876,12,1529948403546,"{""rt"": 579, ""hit"": false, ""color"": ""blue"", ""relation"": ""unrelated"", ""phase"": ""TEST"", ""word"": ""ZAMBONI"", ""response"": ""red""}"
debugOO82NR:debugPSR876,13,1529948404129,"{""rt"": 583, ""hit"": false, ""color"": ""green"", ""relation"": ""unrelated"", ""phase"": ""TEST"", ""word"": ""MONKEY"", ""response"": ""red""}"
debugOO82NR:debugPSR876,14,1529948623481,"{""rt"": 219352, ""hit"": true, ""color"": ""red"", ""relation"": ""congruent"", ""phase"": ""TEST"", ""word"": ""RED"", ""response"": ""red""}"
debugOO82NR:debugPSR876,15,1529948624694,"{""rt"": 1213, ""hit"": false, ""color"": ""blue"", ""relation"": ""incongruent"", ""phase"": ""TEST"", ""word"": ""RED"", ""response"": ""red""}"
debugOO82NR:debugPSR876,16,1529948630345,"{""rt"": 5651, ""hit"": true, ""color"": ""red"", ""relation"": ""incongruent"", ""phase"": ""TEST"", ""word"": ""GREEN"", ""response"": ""red""}"
debugOO82NR:debugPSR876,17,1529948630596,"{""rt"": 251, ""hit"": true, ""color"": ""red"", ""relation"": ""unrelated"", ""phase"": ""TEST"", ""word"": ""SHIP"", ""response"": ""red""}"
debugOO82NR:debugPSR876,18,1529948630829,"{""rt"": 232, ""hit"": false, ""color"": ""green"", ""relation"": ""congruent"", ""phase"": ""TEST"", ""word"": ""GREEN"", ""response"": ""red""}"
debugOO82NR:debugPSR876,19,1529948630830,"{""phase"": ""postquestionnaire"", ""status"": ""begin""}"
debugOO82NR:debugPSR876,20,1529948704253,"{""phase"": ""postquestionnaire"", ""status"": ""submit""}"
debugOO82NR:debugPSR876,21,1529948710428,"{""phase"": ""INSTRUCTIONS"", ""templates"": [""instructions/instruct-1.html"", ""instructions/instruct-2.html"", ""instructions/instruct-3.html"", ""instructions/instruct-ready.html""], ""action"": ""Begin""}"
debugOO82NR:debugPSR876,22,1529948711275,"{""phase"": ""INSTRUCTIONS"", ""indexOf"": 0, ""viewTime"": 844, ""action"": ""NextPage"", ""template"": ""instructions/instruct-1.html""}"
debugOO82NR:debugPSR876,23,1529948712360,"{""phase"": ""INSTRUCTIONS"", ""indexOf"": 1, ""viewTime"": 1083, ""action"": ""NextPage"", ""template"": ""instructions/instruct-2.html""}"
debugOO82NR:debugPSR876,24,1529948713057,"{""phase"": ""INSTRUCTIONS"", ""indexOf"": 2, ""viewTime"": 696, ""action"": ""NextPage"", ""template"": ""instructions/instruct-3.html""}"
debugOO82NR:debugPSR876,25,1529948713780,"{""phase"": ""INSTRUCTIONS"", ""indexOf"": 3, ""viewTime"": 722, ""action"": ""FinishInstructions"", ""template"": ""instructions/instruct-ready.html""}"
debug4NW8NS:debugGYHIXW,0,1529949105744,"{""action"": ""Begin"", ""phase"": ""INSTRUCTIONS"", ""templates"": [""instructions/instruct-1.html"", ""instructions/instruct-2.html"", ""instructions/instruct-3.html"", ""instructions/instruct-ready.html""]}"
debug4NW8NS:debugGYHIXW,1,1529949106796,"{""action"": ""NextPage"", ""indexOf"": 0, ""viewTime"": 1048, ""phase"": ""INSTRUCTIONS"", ""template"": ""instructions/instruct-1.html""}"
debug4NW8NS:debugGYHIXW,2,1529949107417,"{""action"": ""NextPage"", ""indexOf"": 1, ""viewTime"": 619, ""phase"": ""INSTRUCTIONS"", ""template"": ""instructions/instruct-2.html""}"
debug4NW8NS:debugGYHIXW,3,1529949108003,"{""action"": ""NextPage"", ""indexOf"": 2, ""viewTime"": 585, ""phase"": ""INSTRUCTIONS"", ""template"": ""instructions/instruct-3.html""}"
debug4NW8NS:debugGYHIXW,4,1529949108928,"{""action"": ""FinishInstructions"", ""indexOf"": 3, ""viewTime"": 925, ""phase"": ""INSTRUCTIONS"", ""template"": ""instructions/instruct-ready.html""}"
debug4NW8NS:debugGYHIXW,5,1529949147856,"{""phase"": ""INSTRUCTIONS"", ""templates"": [""instructions/instruct-1.html"", ""instructions/instruct-2.html"", ""instructions/instruct-3.html"", ""instructions/instruct-ready.html""], ""action"": ""Begin""}"
debug4NW8NS:debugGYHIXW,6,1529949148639,"{""phase"": ""INSTRUCTIONS"", ""indexOf"": 0, ""viewTime"": 782, ""action"": ""NextPage"", ""template"": ""instructions/instruct-1.html""}"
debug4NW8NS:debugGYHIXW,7,1529949149409,"{""phase"": ""INSTRUCTIONS"", ""indexOf"": 1, ""viewTime"": 768, ""action"": ""NextPage"", ""template"": ""instructions/instruct-2.html""}"
debug4NW8NS:debugGYHIXW,8,1529949149814,"{""phase"": ""INSTRUCTIONS"", ""indexOf"": 2, ""viewTime"": 405, ""action"": ""NextPage"", ""template"": ""instructions/instruct-3.html""}"
debug4NW8NS:debugGYHIXW,9,1529949150470,"{""phase"": ""INSTRUCTIONS"", ""indexOf"": 3, ""viewTime"": 655, ""action"": ""FinishInstructions"", ""template"": ""instructions/instruct-ready.html""}"
debug036J3R:debug6UPX2G,0,1529949193317,"{""phase"": ""INSTRUCTIONS"", ""templates"": [""instructions/instruct-1.html"", ""instructions/instruct-2.html"", ""instructions/instruct-3.html"", ""instructions/instruct-ready.html""], ""action"": ""Begin""}"
debug036J3R:debug6UPX2G,1,1529949194207,"{""phase"": ""INSTRUCTIONS"", ""indexOf"": 0, ""viewTime"": 886, ""action"": ""NextPage"", ""template"": ""instructions/instruct-1.html""}"
debug036J3R:debug6UPX2G,2,1529949194723,"{""phase"": ""INSTRUCTIONS"", ""indexOf"": 1, ""viewTime"": 514, ""action"": ""NextPage"", ""template"": ""instructions/instruct-2.html""}"
debug036J3R:debug6UPX2G,3,1529949195291,"{""phase"": ""INSTRUCTIONS"", ""indexOf"": 2, ""viewTime"": 566, ""action"": ""NextPage"", ""template"": ""instructions/instruct-3.html""}"
debug036J3R:debug6UPX2G,4,1529949196046,"{""phase"": ""INSTRUCTIONS"", ""indexOf"": 3, ""viewTime"": 753, ""action"": ""FinishInstructions"", ""template"": ""instructions/instruct-ready.html""}"
debug7CXQ98:debugCW8QCX,0,1529949216517,"{""phase"": ""INSTRUCTIONS"", ""templates"": [""instructions/instruct-1.html"", ""instructions/instruct-2.html"", ""instructions/instruct-3.html"", ""instructions/instruct-ready.html""], ""action"": ""Begin""}"
debug7CXQ98:debugCW8QCX,1,1529949217485,"{""phase"": ""INSTRUCTIONS"", ""indexOf"": 0, ""viewTime"": 965, ""action"": ""NextPage"", ""template"": ""instructions/instruct-1.html""}"
debug7CXQ98:debugCW8QCX,2,1529949218433,"{""phase"": ""INSTRUCTIONS"", ""indexOf"": 1, ""viewTime"": 946, ""action"": ""NextPage"", ""template"": ""instructions/instruct-2.html""}"
debug7CXQ98:debugCW8QCX,3,1529949219422,"{""phase"": ""INSTRUCTIONS"", ""indexOf"": 2, ""viewTime"": 988, ""action"": ""NextPage"", ""template"": ""instructions/instruct-3.html""}"
debug7CXQ98:debugCW8QCX,4,1529949220105,"{""phase"": ""INSTRUCTIONS"", ""indexOf"": 3, ""viewTime"": 682, ""action"": ""FinishInstructions"", ""template"": ""instructions/instruct-ready.html""}"
debugZW94BM:debug5R8ZUM,0,1529949541839,"{""phase"": ""INSTRUCTIONS"", ""templates"": [""instructions/instruct-1.html"", ""instructions/instruct-2.html"", ""instructions/instruct-3.html"", ""instructions/instruct-ready.html""], ""action"": ""Begin""}"
debugZW94BM:debug5R8ZUM,1,1529949542704,"{""phase"": ""INSTRUCTIONS"", ""indexOf"": 0, ""viewTime"": 861, ""action"": ""NextPage"", ""template"": ""instructions/instruct-1.html""}"
debugZW94BM:debug5R8ZUM,2,1529949543285,"{""phase"": ""INSTRUCTIONS"", ""indexOf"": 1, ""viewTime"": 579, ""action"": ""NextPage"", ""template"": ""instructions/instruct-2.html""}"
debugZW94BM:debug5R8ZUM,3,1529949543878,"{""phase"": ""INSTRUCTIONS"", ""indexOf"": 2, ""viewTime"": 592, ""action"": ""NextPage"", ""template"": ""instructions/instruct-3.html""}"
debugZW94BM:debug5R8ZUM,4,1529949544557,"{""phase"": ""INSTRUCTIONS"", ""indexOf"": 3, ""viewTime"": 678, ""action"": ""FinishInstructions"", ""template"": ""instructions/instruct-ready.html""}"
debug7VL544:debug3XRU97,0,1529950669676,"{""action"": ""Begin"", ""phase"": ""INSTRUCTIONS"", ""templates"": [""instructions/instruct-1.html"", ""instructions/instruct-2.html"", ""instructions/instruct-3.html"", ""instructions/instruct-ready.html""]}"
debug7VL544:debug3XRU97,1,1529950670396,"{""action"": ""NextPage"", ""indexOf"": 0, ""viewTime"": 716, ""phase"": ""INSTRUCTIONS"", ""template"": ""instructions/instruct-1.html""}"
debug7VL544:debug3XRU97,2,1529950671351,"{""action"": ""NextPage"", ""indexOf"": 1, ""viewTime"": 953, ""phase"": ""INSTRUCTIONS"", ""template"": ""instructions/instruct-2.html""}"
debug7VL544:debug3XRU97,3,1529950672064,"{""action"": ""NextPage"", ""indexOf"": 2, ""viewTime"": 712, ""phase"": ""INSTRUCTIONS"", ""template"": ""instructions/instruct-3.html""}"
debug7VL544:debug3XRU97,4,1529950672737,"{""action"": ""FinishInstructions"", ""indexOf"": 3, ""viewTime"": 672, ""phase"": ""INSTRUCTIONS"", ""template"": ""instructions/instruct-ready.html""}"
debug7VL544:debug3XRU97,5,1529951701994,"{""phase"": ""INSTRUCTIONS"", ""templates"": [""instructions/instruct-1.html"", ""instructions/instruct-2.html"", ""instructions/instruct-3.html"", ""instructions/instruct-ready.html""], ""action"": ""Begin""}"
debug7VL544:debug3XRU97,6,1529951703025,"{""phase"": ""INSTRUCTIONS"", ""indexOf"": 0, ""viewTime"": 1029, ""action"": ""NextPage"", ""template"": ""instructions/instruct-1.html""}"
debug7VL544:debug3XRU97,7,1529951703696,"{""phase"": ""INSTRUCTIONS"", ""indexOf"": 1, ""viewTime"": 670, ""action"": ""NextPage"", ""template"": ""instructions/instruct-2.html""}"
debug7VL544:debug3XRU97,8,1529951704620,"{""phase"": ""INSTRUCTIONS"", ""indexOf"": 2, ""viewTime"": 922, ""action"": ""NextPage"", ""template"": ""instructions/instruct-3.html""}"
debug7VL544:debug3XRU97,9,1529951705456,"{""phase"": ""INSTRUCTIONS"", ""indexOf"": 3, ""viewTime"": 835, ""action"": ""FinishInstructions"", ""template"": ""instructions/instruct-ready.html""}"
debugG7LUSP:debugNQJ4VC,0,1529957221998,"{""phase"": ""INSTRUCTIONS"", ""templates"": [""instructions/instruct-1.html"", ""instructions/instruct-2.html"", ""instructions/instruct-3.html"", ""instructions/instruct-ready.html""], ""action"": ""Begin""}"
debugG7LUSP:debugNQJ4VC,1,1529957222819,"{""phase"": ""INSTRUCTIONS"", ""indexOf"": 0, ""viewTime"": 818, ""action"": ""NextPage"", ""template"": ""instructions/instruct-1.html""}"
debugG7LUSP:debugNQJ4VC,2,1529957223732,"{""phase"": ""INSTRUCTIONS"", ""indexOf"": 1, ""viewTime"": 911, ""action"": ""NextPage"", ""template"": ""instructions/instruct-2.html""}"
debugG7LUSP:debugNQJ4VC,3,1529957224574,"{""phase"": ""INSTRUCTIONS"", ""indexOf"": 2, ""viewTime"": 842, ""action"": ""NextPage"", ""template"": ""instructions/instruct-3.html""}"
debugG7LUSP:debugNQJ4VC,4,1529957225694,"{""phase"": ""INSTRUCTIONS"", ""indexOf"": 3, ""viewTime"": 1118, ""action"": ""FinishInstructions"", ""template"": ""instructions/instruct-ready.html""}"
debugSPF3O5:debug48JU7F,0,1529957305174,"{""phase"": ""INSTRUCTIONS"", ""templates"": [""instructions/instruct-1.html"", ""instructions/instruct-2.html"", ""instructions/instruct-3.html"", ""instructions/instruct-ready.html""], ""action"": ""Begin""}"
debugSPF3O5:debug48JU7F,1,1529957305859,"{""phase"": ""INSTRUCTIONS"", ""indexOf"": 0, ""viewTime"": 681, ""action"": ""NextPage"", ""template"": ""instructions/instruct-1.html""}"
debugSPF3O5:debug48JU7F,2,1529957306432,"{""phase"": ""INSTRUCTIONS"", ""indexOf"": 1, ""viewTime"": 570, ""action"": ""NextPage"", ""template"": ""instructions/instruct-2.html""}"
debugSPF3O5:debug48JU7F,3,1529957307064,"{""phase"": ""INSTRUCTIONS"", ""indexOf"": 2, ""viewTime"": 632, ""action"": ""NextPage"", ""template"": ""instructions/instruct-3.html""}"
debugSPF3O5:debug48JU7F,4,1529957308118,"{""phase"": ""INSTRUCTIONS"", ""indexOf"": 3, ""viewTime"": 1053, ""action"": ""FinishInstructions"", ""template"": ""instructions/instruct-ready.html""}"
debugANYHQY:debug8VQUNV,0,1529957916913,"{""phase"": ""INSTRUCTIONS"", ""templates"": [""instructions/instruct-1.html"", ""instructions/instruct-2.html"", ""instructions/instruct-3.html"", ""instructions/instruct-ready.html""], ""action"": ""Begin""}"
debugANYHQY:debug8VQUNV,1,1529957918418,"{""phase"": ""INSTRUCTIONS"", ""indexOf"": 0, ""viewTime"": 1500, ""action"": ""NextPage"", ""template"": ""instructions/instruct-1.html""}"
debugANYHQY:debug8VQUNV,2,1529957919477,"{""phase"": ""INSTRUCTIONS"", ""indexOf"": 1, ""viewTime"": 1058, ""action"": ""NextPage"", ""template"": ""instructions/instruct-2.html""}"
debugANYHQY:debug8VQUNV,3,1529957919955,"{""phase"": ""INSTRUCTIONS"", ""indexOf"": 2, ""viewTime"": 477, ""action"": ""NextPage"", ""template"": ""instructions/instruct-3.html""}"
debugANYHQY:debug8VQUNV,4,1529957920701,"{""phase"": ""INSTRUCTIONS"", ""indexOf"": 3, ""viewTime"": 745, ""action"": ""FinishInstructions"", ""template"": ""instructions/instruct-ready.html""}"
debugCY4TZH:debugN8DGXM,0,1529977848171,"{""phase"": ""INSTRUCTIONS"", ""templates"": [""instructions/instruct-1.html"", ""instructions/instruct-2.html"", ""instructions/instruct-3.html"", ""instructions/instruct-ready.html""], ""action"": ""Begin""}"
debugCY4TZH:debugN8DGXM,1,1529977849145,"{""phase"": ""INSTRUCTIONS"", ""indexOf"": 0, ""viewTime"": 970, ""action"": ""NextPage"", ""template"": ""instructions/instruct-1.html""}"
debugCY4TZH:debugN8DGXM,2,1529977849807,"{""phase"": ""INSTRUCTIONS"", ""indexOf"": 1, ""viewTime"": 661, ""action"": ""NextPage"", ""template"": ""instructions/instruct-2.html""}"
debugCY4TZH:debugN8DGXM,3,1529977851395,"{""phase"": ""INSTRUCTIONS"", ""indexOf"": 2, ""viewTime"": 1587, ""action"": ""NextPage"", ""template"": ""instructions/instruct-3.html""}"
debugCY4TZH:debugN8DGXM,4,1529977852238,"{""phase"": ""INSTRUCTIONS"", ""indexOf"": 3, ""viewTime"": 842, ""action"": ""FinishInstructions"", ""template"": ""instructions/instruct-ready.html""}"
debugRU8J6S:debugI2UXYW,0,1529978036646,"{""action"": ""Begin"", ""phase"": ""INSTRUCTIONS"", ""templates"": [""instructions/instruct-1.html"", ""instructions/instruct-2.html"", ""instructions/instruct-3.html"", ""instructions/instruct-ready.html""]}"
debugRU8J6S:debugI2UXYW,1,1529978037570,"{""action"": ""NextPage"", ""indexOf"": 0, ""viewTime"": 921, ""phase"": ""INSTRUCTIONS"", ""template"": ""instructions/instruct-1.html""}"
debugRU8J6S:debugI2UXYW,2,1529978038646,"{""action"": ""NextPage"", ""indexOf"": 1, ""viewTime"": 1074, ""phase"": ""INSTRUCTIONS"", ""template"": ""instructions/instruct-2.html""}"
debugRU8J6S:debugI2UXYW,3,1529978039188,"{""action"": ""NextPage"", ""indexOf"": 2, ""viewTime"": 541, ""phase"": ""INSTRUCTIONS"", ""template"": ""instructions/instruct-3.html""}"
debugRU8J6S:debugI2UXYW,4,1529978040688,"{""action"": ""FinishInstructions"", ""indexOf"": 3, ""viewTime"": 1499, ""phase"": ""INSTRUCTIONS"", ""template"": ""instructions/instruct-ready.html""}"
debugRU8J6S:debugI2UXYW,5,1529978116089,"{""phase"": ""INSTRUCTIONS"", ""templates"": [""instructions/instruct-1.html"", ""instructions/instruct-2.html"", ""instructions/instruct-3.html"", ""instructions/instruct-ready.html""], ""action"": ""Begin""}"
debugRU8J6S:debugI2UXYW,6,1529978117467,"{""phase"": ""INSTRUCTIONS"", ""indexOf"": 0, ""viewTime"": 1376, ""action"": ""NextPage"", ""template"": ""instructions/instruct-1.html""}"
debugRU8J6S:debugI2UXYW,7,1529978117984,"{""phase"": ""INSTRUCTIONS"", ""indexOf"": 1, ""viewTime"": 516, ""action"": ""NextPage"", ""template"": ""instructions/instruct-2.html""}"
debugRU8J6S:debugI2UXYW,8,1529978118421,"{""phase"": ""INSTRUCTIONS"", ""indexOf"": 2, ""viewTime"": 436, ""action"": ""NextPage"", ""template"": ""instructions/instruct-3.html""}"
debugRU8J6S:debugI2UXYW,9,1529978119370,"{""phase"": ""INSTRUCTIONS"", ""indexOf"": 3, ""viewTime"": 949, ""action"": ""FinishInstructions"", ""template"": ""instructions/instruct-ready.html""}"
debug698Q28:debugKBUOB8,0,1529978713945,"{""action"": ""Begin"", ""phase"": ""INSTRUCTIONS"", ""templates"": [""instructions/instruct-1.html"", ""instructions/instruct-2.html"", ""instructions/instruct-3.html"", ""instructions/instruct-ready.html""]}"
debug698Q28:debugKBUOB8,1,1529978715587,"{""action"": ""NextPage"", ""indexOf"": 0, ""viewTime"": 1638, ""phase"": ""INSTRUCTIONS"", ""template"": ""instructions/instruct-1.html""}"
debug698Q28:debugKBUOB8,2,1529978716314,"{""action"": ""NextPage"", ""indexOf"": 1, ""viewTime"": 725, ""phase"": ""INSTRUCTIONS"", ""template"": ""instructions/instruct-2.html""}"
debug698Q28:debugKBUOB8,3,1529978716823,"{""action"": ""NextPage"", ""indexOf"": 2, ""viewTime"": 508, ""phase"": ""INSTRUCTIONS"", ""template"": ""instructions/instruct-3.html""}"
debug698Q28:debugKBUOB8,4,1529978718007,"{""action"": ""FinishInstructions"", ""indexOf"": 3, ""viewTime"": 1182, ""phase"": ""INSTRUCTIONS"", ""template"": ""instructions/instruct-ready.html""}"
debug698Q28:debugKBUOB8,5,1529978735538,"{""action"": ""Begin"", ""phase"": ""INSTRUCTIONS"", ""templates"": [""instructions/instruct-1.html"", ""instructions/instruct-2.html"", ""instructions/instruct-3.html"", ""instructions/instruct-ready.html""]}"
debug698Q28:debugKBUOB8,6,1529978737064,"{""action"": ""NextPage"", ""indexOf"": 0, ""viewTime"": 1525, ""phase"": ""INSTRUCTIONS"", ""template"": ""instructions/instruct-1.html""}"
debug698Q28:debugKBUOB8,7,1529978737995,"{""action"": ""NextPage"", ""indexOf"": 1, ""viewTime"": 930, ""phase"": ""INSTRUCTIONS"", ""template"": ""instructions/instruct-2.html""}"
debug698Q28:debugKBUOB8,8,1529978739665,"{""action"": ""NextPage"", ""indexOf"": 2, ""viewTime"": 1669, ""phase"": ""INSTRUCTIONS"", ""template"": ""instructions/instruct-3.html""}"
debug698Q28:debugKBUOB8,9,1529978744155,"{""action"": ""FinishInstructions"", ""indexOf"": 3, ""viewTime"": 4489, ""phase"": ""INSTRUCTIONS"", ""template"": ""instructions/instruct-ready.html""}"
debug698Q28:debugKBUOB8,10,1529979224192,"{""action"": ""Begin"", ""phase"": ""INSTRUCTIONS"", ""templates"": [""instructions/instruct-1.html"", ""instructions/instruct-2.html"", ""instructions/instruct-3.html"", ""instructions/instruct-ready.html""]}"
debug698Q28:debugKBUOB8,11,1529979229121,"{""action"": ""NextPage"", ""indexOf"": 0, ""viewTime"": 4929, ""phase"": ""INSTRUCTIONS"", ""template"": ""instructions/instruct-1.html""}"
debug698Q28:debugKBUOB8,12,1529979230668,"{""action"": ""NextPage"", ""indexOf"": 1, ""viewTime"": 1545, ""phase"": ""INSTRUCTIONS"", ""template"": ""instructions/instruct-2.html""}"
debug698Q28:debugKBUOB8,13,1529979231202,"{""action"": ""NextPage"", ""indexOf"": 2, ""viewTime"": 533, ""phase"": ""INSTRUCTIONS"", ""template"": ""instructions/instruct-3.html""}"
debug698Q28:debugKBUOB8,14,1529979233252,"{""action"": ""FinishInstructions"", ""indexOf"": 3, ""viewTime"": 2049, ""phase"": ""INSTRUCTIONS"", ""template"": ""instructions/instruct-ready.html""}"
debug698Q28:debugKBUOB8,15,1529979757756,"{""phase"": ""INSTRUCTIONS"", ""templates"": [""instructions/instruct-1.html"", ""instructions/instruct-2.html"", ""instructions/instruct-3.html"", ""instructions/instruct-ready.html""], ""action"": ""Begin""}"
debug698Q28:debugKBUOB8,16,1529979760175,"{""phase"": ""INSTRUCTIONS"", ""indexOf"": 0, ""viewTime"": 2419, ""action"": ""NextPage"", ""template"": ""instructions/instruct-1.html""}"
debug698Q28:debugKBUOB8,17,1529979761390,"{""phase"": ""INSTRUCTIONS"", ""indexOf"": 1, ""viewTime"": 1213, ""action"": ""NextPage"", ""template"": ""instructions/instruct-2.html""}"
debug698Q28:debugKBUOB8,18,1529979761819,"{""phase"": ""INSTRUCTIONS"", ""indexOf"": 2, ""viewTime"": 428, ""action"": ""NextPage"", ""template"": ""instructions/instruct-3.html""}"
debug698Q28:debugKBUOB8,19,1529979762727,"{""phase"": ""INSTRUCTIONS"", ""indexOf"": 3, ""viewTime"": 907, ""action"": ""FinishInstructions"", ""template"": ""instructions/instruct-ready.html""}"
debugI0EFGU:debugXSNPWV,0,1529979033894,"{""phase"": ""INSTRUCTIONS"", ""templates"": [""instructions/instruct-1.html"", ""instructions/instruct-2.html"", ""instructions/instruct-3.html"", ""instructions/instruct-ready.html""], ""action"": ""Begin""}"
debugI0EFGU:debugXSNPWV,1,1529979035039,"{""phase"": ""INSTRUCTIONS"", ""indexOf"": 0, ""viewTime"": 1141, ""action"": ""NextPage"", ""template"": ""instructions/instruct-1.html""}"
debugI0EFGU:debugXSNPWV,2,1529979036065,"{""phase"": ""INSTRUCTIONS"", ""indexOf"": 1, ""viewTime"": 1023, ""action"": ""NextPage"", ""template"": ""instructions/instruct-2.html""}"
debugI0EFGU:debugXSNPWV,3,1529979036738,"{""phase"": ""INSTRUCTIONS"", ""indexOf"": 2, ""viewTime"": 672, ""action"": ""NextPage"", ""template"": ""instructions/instruct-3.html""}"
debugI0EFGU:debugXSNPWV,4,1529979037784,"{""phase"": ""INSTRUCTIONS"", ""indexOf"": 3, ""viewTime"": 1046, ""action"": ""FinishInstructions"", ""template"": ""instructions/instruct-ready.html""}"
debug1NOCZH:debugQK49DX,0,1529979478886,"{""phase"": ""INSTRUCTIONS"", ""templates"": [""instructions/instruct-1.html"", ""instructions/instruct-2.html"", ""instructions/instruct-3.html"", ""instructions/instruct-ready.html""], ""action"": ""Begin""}"
debug1NOCZH:debugQK49DX,1,1529979479932,"{""phase"": ""INSTRUCTIONS"", ""indexOf"": 0, ""viewTime"": 1041, ""action"": ""NextPage"", ""template"": ""instructions/instruct-1.html""}"
debug1NOCZH:debugQK49DX,2,1529979480869,"{""phase"": ""INSTRUCTIONS"", ""indexOf"": 1, ""viewTime"": 935, ""action"": ""NextPage"", ""template"": ""instructions/instruct-2.html""}"
debug1NOCZH:debugQK49DX,3,1529979481372,"{""phase"": ""INSTRUCTIONS"", ""indexOf"": 2, ""viewTime"": 502, ""action"": ""NextPage"", ""template"": ""instructions/instruct-3.html""}"
debug1NOCZH:debugQK49DX,4,1529979482661,"{""phase"": ""INSTRUCTIONS"", ""indexOf"": 3, ""viewTime"": 1288, ""action"": ""FinishInstructions"", ""template"": ""instructions/instruct-ready.html""}"
debug8SNBYE:debug4OHOC4,0,1529979502453,"{""phase"": ""INSTRUCTIONS"", ""templates"": [""instructions/instruct-1.html"", ""instructions/instruct-2.html"", ""instructions/instruct-3.html"", ""instructions/instruct-ready.html""], ""action"": ""Begin""}"
debug8SNBYE:debug4OHOC4,1,1529979503406,"{""phase"": ""INSTRUCTIONS"", ""indexOf"": 0, ""viewTime"": 950, ""action"": ""NextPage"", ""template"": ""instructions/instruct-1.html""}"
debug8SNBYE:debug4OHOC4,2,1529979503979,"{""phase"": ""INSTRUCTIONS"", ""indexOf"": 1, ""viewTime"": 571, ""action"": ""NextPage"", ""template"": ""instructions/instruct-2.html""}"
debug8SNBYE:debug4OHOC4,3,1529979504455,"{""phase"": ""INSTRUCTIONS"", ""indexOf"": 2, ""viewTime"": 476, ""action"": ""NextPage"", ""template"": ""instructions/instruct-3.html""}"
debug8SNBYE:debug4OHOC4,4,1529979506141,"{""phase"": ""INSTRUCTIONS"", ""indexOf"": 3, ""viewTime"": 1685, ""action"": ""FinishInstructions"", ""template"": ""instructions/instruct-ready.html""}"
debug3RQFY5:debug8DO1T3,0,1529979607516,"{""phase"": ""INSTRUCTIONS"", ""templates"": [""instructions/instruct-1.html"", ""instructions/instruct-2.html"", ""instructions/instruct-3.html"", ""instructions/instruct-ready.html""], ""action"": ""Begin""}"
debug3RQFY5:debug8DO1T3,1,1529979608360,"{""phase"": ""INSTRUCTIONS"", ""indexOf"": 0, ""viewTime"": 840, ""action"": ""NextPage"", ""template"": ""instructions/instruct-1.html""}"
debug3RQFY5:debug8DO1T3,2,1529979609047,"{""phase"": ""INSTRUCTIONS"", ""indexOf"": 1, ""viewTime"": 686, ""action"": ""NextPage"", ""template"": ""instructions/instruct-2.html""}"
debug3RQFY5:debug8DO1T3,3,1529979609581,"{""phase"": ""INSTRUCTIONS"", ""indexOf"": 2, ""viewTime"": 533, ""action"": ""NextPage"", ""template"": ""instructions/instruct-3.html""}"
debug3RQFY5:debug8DO1T3,4,1529979610561,"{""phase"": ""INSTRUCTIONS"", ""indexOf"": 3, ""viewTime"": 978, ""action"": ""FinishInstructions"", ""template"": ""instructions/instruct-ready.html""}"
debug2NUC07:debug5LDMEB,0,1529979826131,"{""phase"": ""INSTRUCTIONS"", ""templates"": [""instructions/instruct-1.html"", ""instructions/instruct-2.html"", ""instructions/instruct-3.html"", ""instructions/instruct-ready.html""], ""action"": ""Begin""}"
debug2NUC07:debug5LDMEB,1,1529979826874,"{""phase"": ""INSTRUCTIONS"", ""indexOf"": 0, ""viewTime"": 739, ""action"": ""NextPage"", ""template"": ""instructions/instruct-1.html""}"
debug2NUC07:debug5LDMEB,2,1529979827584,"{""phase"": ""INSTRUCTIONS"", ""indexOf"": 1, ""viewTime"": 709, ""action"": ""NextPage"", ""template"": ""instructions/instruct-2.html""}"
debug2NUC07:debug5LDMEB,3,1529979828031,"{""phase"": ""INSTRUCTIONS"", ""indexOf"": 2, ""viewTime"": 445, ""action"": ""NextPage"", ""template"": ""instructions/instruct-3.html""}"
debug2NUC07:debug5LDMEB,4,1529979829693,"{""phase"": ""INSTRUCTIONS"", ""indexOf"": 3, ""viewTime"": 1662, ""action"": ""FinishInstructions"", ""template"": ""instructions/instruct-ready.html""}"
debugK4HHEP:debugDQL3M1,0,1529979851324,"{""phase"": ""INSTRUCTIONS"", ""templates"": [""instructions/instruct-1.html"", ""instructions/instruct-2.html"", ""instructions/instruct-3.html"", ""instructions/instruct-ready.html""], ""action"": ""Begin""}"
debugK4HHEP:debugDQL3M1,1,1529979852062,"{""phase"": ""INSTRUCTIONS"", ""indexOf"": 0, ""viewTime"": 735, ""action"": ""NextPage"", ""template"": ""instructions/instruct-1.html""}"
debugK4HHEP:debugDQL3M1,2,1529979852700,"{""phase"": ""INSTRUCTIONS"", ""indexOf"": 1, ""viewTime"": 637, ""action"": ""NextPage"", ""template"": ""instructions/instruct-2.html""}"
debugK4HHEP:debugDQL3M1,3,1529979853364,"{""phase"": ""INSTRUCTIONS"", ""indexOf"": 2, ""viewTime"": 663, ""action"": ""NextPage"", ""template"": ""instructions/instruct-3.html""}"
debugK4HHEP:debugDQL3M1,4,1529979854710,"{""phase"": ""INSTRUCTIONS"", ""indexOf"": 3, ""viewTime"": 1346, ""action"": ""FinishInstructions"", ""template"": ""instructions/instruct-ready.html""}"
debugOZ6BX1:debugDW2J97,0,1529979908952,"{""phase"": ""INSTRUCTIONS"", ""templates"": [""instructions/instruct-1.html"", ""instructions/instruct-2.html"", ""instructions/instruct-3.html"", ""instructions/instruct-ready.html""], ""action"": ""Begin""}"
debugOZ6BX1:debugDW2J97,1,1529979909817,"{""phase"": ""INSTRUCTIONS"", ""indexOf"": 0, ""viewTime"": 862, ""action"": ""NextPage"", ""template"": ""instructions/instruct-1.html""}"
debugOZ6BX1:debugDW2J97,2,1529979910966,"{""phase"": ""INSTRUCTIONS"", ""indexOf"": 1, ""viewTime"": 1147, ""action"": ""NextPage"", ""template"": ""instructions/instruct-2.html""}"
debugOZ6BX1:debugDW2J97,3,1529979911420,"{""phase"": ""INSTRUCTIONS"", ""indexOf"": 2, ""viewTime"": 453, ""action"": ""NextPage"", ""template"": ""instructions/instruct-3.html""}"
debugOZ6BX1:debugDW2J97,4,1529979912239,"{""phase"": ""INSTRUCTIONS"", ""indexOf"": 3, ""viewTime"": 819, ""action"": ""FinishInstructions"", ""template"": ""instructions/instruct-ready.html""}"
debugZNIXBM:debugTP9T50,0,1530028837215,"{""phase"": ""INSTRUCTIONS"", ""templates"": [""instructions/instruct-1.html"", ""instructions/instruct-2.html"", ""instructions/instruct-3.html"", ""instructions/instruct-ready.html""], ""action"": ""Begin""}"
debugZNIXBM:debugTP9T50,1,1530028843597,"{""phase"": ""INSTRUCTIONS"", ""indexOf"": 0, ""viewTime"": 6376, ""action"": ""NextPage"", ""template"": ""instructions/instruct-1.html""}"
debugZNIXBM:debugTP9T50,2,1530028844536,"{""phase"": ""INSTRUCTIONS"", ""indexOf"": 1, ""viewTime"": 938, ""action"": ""NextPage"", ""template"": ""instructions/instruct-2.html""}"
debugZNIXBM:debugTP9T50,3,1530028845454,"{""phase"": ""INSTRUCTIONS"", ""indexOf"": 2, ""viewTime"": 917, ""action"": ""NextPage"", ""template"": ""instructions/instruct-3.html""}"
debugZNIXBM:debugTP9T50,4,1530028852354,"{""phase"": ""INSTRUCTIONS"", ""indexOf"": 3, ""viewTime"": 6899, ""action"": ""FinishInstructions"", ""template"": ""instructions/instruct-ready.html""}"
debugMAITE7:debug2GGWXZ,0,1530029667547,"{""phase"": ""INSTRUCTIONS"", ""templates"": [""instructions/instruct-1.html"", ""instructions/instruct-2.html"", ""instructions/instruct-3.html"", ""instructions/instruct-ready.html""], ""action"": ""Begin""}"
debugMAITE7:debug2GGWXZ,1,1530029668648,"{""phase"": ""INSTRUCTIONS"", ""indexOf"": 0, ""viewTime"": 1097, ""action"": ""NextPage"", ""template"": ""instructions/instruct-1.html""}"
debugMAITE7:debug2GGWXZ,2,1530029669733,"{""phase"": ""INSTRUCTIONS"", ""indexOf"": 1, ""viewTime"": 1084, ""action"": ""NextPage"", ""template"": ""instructions/instruct-2.html""}"
debugMAITE7:debug2GGWXZ,3,1530029670520,"{""phase"": ""INSTRUCTIONS"", ""indexOf"": 2, ""viewTime"": 786, ""action"": ""NextPage"", ""template"": ""instructions/instruct-3.html""}"
debugMAITE7:debug2GGWXZ,4,1530029672260,"{""phase"": ""INSTRUCTIONS"", ""indexOf"": 3, ""viewTime"": 1738, ""action"": ""FinishInstructions"", ""template"": ""instructions/instruct-ready.html""}"
